,Max Rate of Diversion,ApplID,Report_ID
0,"199030832 
							GPM",G190363,http://ciwqs.waterboards.ca.gov/ciwqs/ewrims_online_reporting/viewReport.do?formId=24267
1,,G190363,http://ciwqs.waterboards.ca.gov/ciwqs/ewrims_online_reporting/viewReport.do?formId=306157
2,"500 
							AFY",G190536,http://ciwqs.waterboards.ca.gov/ciwqs/ewrims_online_reporting/viewReport.do?formId=108220
3,"500 
							AFY",G190536,http://ciwqs.waterboards.ca.gov/ciwqs/ewrims_online_reporting/viewReport.do?formId=124304
4,"500 
							AFY",G190536,http://ciwqs.waterboards.ca.gov/ciwqs/ewrims_online_reporting/viewReport.do?formId=168589
5,"500 
							AFY",G190536,http://ciwqs.waterboards.ca.gov/ciwqs/ewrims_online_reporting/viewReport.do?formId=219517
6,"310 
							GPM",G190536,http://ciwqs.waterboards.ca.gov/ciwqs/ewrims_online_reporting/viewReport.do?formId=24269
7,"500 
							AFY",G190536,http://ciwqs.waterboards.ca.gov/ciwqs/ewrims_online_reporting/viewReport.do?formId=247329
8,"560 
							AFY",G190536,http://ciwqs.waterboards.ca.gov/ciwqs/ewrims_online_reporting/viewReport.do?formId=305207
9,"500 
							AFY",G190536,http://ciwqs.waterboards.ca.gov/ciwqs/ewrims_online_reporting/viewReport.do?formId=82020
10,"500 
							AFY",G190537,http://ciwqs.waterboards.ca.gov/ciwqs/ewrims_online_reporting/viewReport.do?formId=108820
11,"500 
							AFY",G190537,http://ciwqs.waterboards.ca.gov/ciwqs/ewrims_online_reporting/viewReport.do?formId=110425
12,"500 
							AFY",G190537,http://ciwqs.waterboards.ca.gov/ciwqs/ewrims_online_reporting/viewReport.do?formId=124872
13,"500 
							AFY",G190537,http://ciwqs.waterboards.ca.gov/ciwqs/ewrims_online_reporting/viewReport.do?formId=168590
14,"500 
							AFY",G190537,http://ciwqs.waterboards.ca.gov/ciwqs/ewrims_online_reporting/viewReport.do?formId=219518
15,"310 
							GPM",G190537,http://ciwqs.waterboards.ca.gov/ciwqs/ewrims_online_reporting/viewReport.do?formId=24480
16,"500 
							AFY",G190537,http://ciwqs.waterboards.ca.gov/ciwqs/ewrims_online_reporting/viewReport.do?formId=247330
17,"525 
							AFY",G190537,http://ciwqs.waterboards.ca.gov/ciwqs/ewrims_online_reporting/viewReport.do?formId=305208
18,"500 
							AFY",G190537,http://ciwqs.waterboards.ca.gov/ciwqs/ewrims_online_reporting/viewReport.do?formId=83265
19,"500 
							AFY",G190539,http://ciwqs.waterboards.ca.gov/ciwqs/ewrims_online_reporting/viewReport.do?formId=108981
20,"500 
							AFY",G190539,http://ciwqs.waterboards.ca.gov/ciwqs/ewrims_online_reporting/viewReport.do?formId=125019
21,"500 
							AFY",G190539,http://ciwqs.waterboards.ca.gov/ciwqs/ewrims_online_reporting/viewReport.do?formId=169538
22,"500 
							AFY",G190539,http://ciwqs.waterboards.ca.gov/ciwqs/ewrims_online_reporting/viewReport.do?formId=219708
23,"310 
							GPM",G190539,http://ciwqs.waterboards.ca.gov/ciwqs/ewrims_online_reporting/viewReport.do?formId=24329
24,"500 
							AFY",G190539,http://ciwqs.waterboards.ca.gov/ciwqs/ewrims_online_reporting/viewReport.do?formId=247331
25,"550 
							AFY",G190539,http://ciwqs.waterboards.ca.gov/ciwqs/ewrims_online_reporting/viewReport.do?formId=306158
26,"0 
							AFY",G190548,http://ciwqs.waterboards.ca.gov/ciwqs/ewrims_online_reporting/viewReport.do?formId=108297
27,"4.7120 
							GPM",G190548,http://ciwqs.waterboards.ca.gov/ciwqs/ewrims_online_reporting/viewReport.do?formId=24786
28,"0 
							AFY",G191105,http://ciwqs.waterboards.ca.gov/ciwqs/ewrims_online_reporting/viewReport.do?formId=83034
29,"180 
							AFY",G191733,http://ciwqs.waterboards.ca.gov/ciwqs/ewrims_online_reporting/viewReport.do?formId=108769
30,"235 
							AFY",G191733,http://ciwqs.waterboards.ca.gov/ciwqs/ewrims_online_reporting/viewReport.do?formId=124826
31,"210 
							AFY",G191733,http://ciwqs.waterboards.ca.gov/ciwqs/ewrims_online_reporting/viewReport.do?formId=169648
32,"175 
							AFY",G191733,http://ciwqs.waterboards.ca.gov/ciwqs/ewrims_online_reporting/viewReport.do?formId=219652
33,"325 
							AFY",G191733,http://ciwqs.waterboards.ca.gov/ciwqs/ewrims_online_reporting/viewReport.do?formId=24648
34,"160 
							AFY",G191733,http://ciwqs.waterboards.ca.gov/ciwqs/ewrims_online_reporting/viewReport.do?formId=247394
35,"20 
							CFS",G191733,http://ciwqs.waterboards.ca.gov/ciwqs/ewrims_online_reporting/viewReport.do?formId=291663
36,"160 
							AFY",G191733,http://ciwqs.waterboards.ca.gov/ciwqs/ewrims_online_reporting/viewReport.do?formId=306274
37,"160 
							AFY",G191733,http://ciwqs.waterboards.ca.gov/ciwqs/ewrims_online_reporting/viewReport.do?formId=352781
38,"267 
							AFY",G191733,http://ciwqs.waterboards.ca.gov/ciwqs/ewrims_online_reporting/viewReport.do?formId=83027
39,"20 
							CFS",G191758,http://ciwqs.waterboards.ca.gov/ciwqs/ewrims_online_reporting/viewReport.do?formId=108171
40,"20 
							CFS",G191758,http://ciwqs.waterboards.ca.gov/ciwqs/ewrims_online_reporting/viewReport.do?formId=124256
41,"20 
							CFS",G191758,http://ciwqs.waterboards.ca.gov/ciwqs/ewrims_online_reporting/viewReport.do?formId=169649
42,"20 
							CFS",G191758,http://ciwqs.waterboards.ca.gov/ciwqs/ewrims_online_reporting/viewReport.do?formId=219653
43,"20 
							CFS",G191758,http://ciwqs.waterboards.ca.gov/ciwqs/ewrims_online_reporting/viewReport.do?formId=24279
44,"20 
							CFS",G191758,http://ciwqs.waterboards.ca.gov/ciwqs/ewrims_online_reporting/viewReport.do?formId=247397
45,"20 
							CFS",G191758,http://ciwqs.waterboards.ca.gov/ciwqs/ewrims_online_reporting/viewReport.do?formId=306275
46,"20 
							CFS",G191758,http://ciwqs.waterboards.ca.gov/ciwqs/ewrims_online_reporting/viewReport.do?formId=352583
47,"20 
							CFS",G191758,http://ciwqs.waterboards.ca.gov/ciwqs/ewrims_online_reporting/viewReport.do?formId=82861
48,"90 
							GPD",G192486,http://ciwqs.waterboards.ca.gov/ciwqs/ewrims_online_reporting/viewReport.do?formId=125332
49,"90 
							GPD",G192486,http://ciwqs.waterboards.ca.gov/ciwqs/ewrims_online_reporting/viewReport.do?formId=168937
50,"90 
							GPD",G192486,http://ciwqs.waterboards.ca.gov/ciwqs/ewrims_online_reporting/viewReport.do?formId=220728
51,"90 
							GPD",G192486,http://ciwqs.waterboards.ca.gov/ciwqs/ewrims_online_reporting/viewReport.do?formId=247410
52,"90 
							GPD",G192486,http://ciwqs.waterboards.ca.gov/ciwqs/ewrims_online_reporting/viewReport.do?formId=305559
53,"28000 
							GPD",G192675,http://ciwqs.waterboards.ca.gov/ciwqs/ewrims_online_reporting/viewReport.do?formId=305928
54,"28000 
							GPD",G192676,http://ciwqs.waterboards.ca.gov/ciwqs/ewrims_online_reporting/viewReport.do?formId=304999
55,,G192691,http://ciwqs.waterboards.ca.gov/ciwqs/ewrims_online_reporting/viewReport.do?formId=109126
56,"300 
							AFY",G192691,http://ciwqs.waterboards.ca.gov/ciwqs/ewrims_online_reporting/viewReport.do?formId=125161
57,"300 
							AFY",G192691,http://ciwqs.waterboards.ca.gov/ciwqs/ewrims_online_reporting/viewReport.do?formId=169309
58,"300 
							AFY",G192691,http://ciwqs.waterboards.ca.gov/ciwqs/ewrims_online_reporting/viewReport.do?formId=219819
59,"8.5870 
							AFY",G192691,http://ciwqs.waterboards.ca.gov/ciwqs/ewrims_online_reporting/viewReport.do?formId=24336
60,"0.2510 
							CFS",G192691,http://ciwqs.waterboards.ca.gov/ciwqs/ewrims_online_reporting/viewReport.do?formId=247430
61,"0.35 
							CFS",G192691,http://ciwqs.waterboards.ca.gov/ciwqs/ewrims_online_reporting/viewReport.do?formId=305929
62,,G192691,http://ciwqs.waterboards.ca.gov/ciwqs/ewrims_online_reporting/viewReport.do?formId=352222
63,"2000000 
							GPD",G192691,http://ciwqs.waterboards.ca.gov/ciwqs/ewrims_online_reporting/viewReport.do?formId=82221
64,"2500.1180 
							AFY",G192700,http://ciwqs.waterboards.ca.gov/ciwqs/ewrims_online_reporting/viewReport.do?formId=108939
65,"4480 
							AFY",G192700,http://ciwqs.waterboards.ca.gov/ciwqs/ewrims_online_reporting/viewReport.do?formId=124979
66,"4480 
							AFY",G192700,http://ciwqs.waterboards.ca.gov/ciwqs/ewrims_online_reporting/viewReport.do?formId=168737
67,"4500 
							AFY",G192700,http://ciwqs.waterboards.ca.gov/ciwqs/ewrims_online_reporting/viewReport.do?formId=220353
68,"2525.3330 
							AFY",G192700,http://ciwqs.waterboards.ca.gov/ciwqs/ewrims_online_reporting/viewReport.do?formId=24572
69,"2.66 
							CFS",G192700,http://ciwqs.waterboards.ca.gov/ciwqs/ewrims_online_reporting/viewReport.do?formId=247431
70,"3.34 
							CFS",G192700,http://ciwqs.waterboards.ca.gov/ciwqs/ewrims_online_reporting/viewReport.do?formId=305365
71,,G192700,http://ciwqs.waterboards.ca.gov/ciwqs/ewrims_online_reporting/viewReport.do?formId=353178
72,"5500000 
							GPD",G192700,http://ciwqs.waterboards.ca.gov/ciwqs/ewrims_online_reporting/viewReport.do?formId=82910
73,,G192701,http://ciwqs.waterboards.ca.gov/ciwqs/ewrims_online_reporting/viewReport.do?formId=306113
74,,G192701,http://ciwqs.waterboards.ca.gov/ciwqs/ewrims_online_reporting/viewReport.do?formId=352393
75,,G192996,http://ciwqs.waterboards.ca.gov/ciwqs/ewrims_online_reporting/viewReport.do?formId=247474
76,"156.69 
							AFY",G192997,http://ciwqs.waterboards.ca.gov/ciwqs/ewrims_online_reporting/viewReport.do?formId=109262
77,"200 
							AFY",G192997,http://ciwqs.waterboards.ca.gov/ciwqs/ewrims_online_reporting/viewReport.do?formId=125290
78,"230.26 
							AFY",G192997,http://ciwqs.waterboards.ca.gov/ciwqs/ewrims_online_reporting/viewReport.do?formId=169077
79,"112.12 
							AFY",G192997,http://ciwqs.waterboards.ca.gov/ciwqs/ewrims_online_reporting/viewReport.do?formId=219608
80,"154.63 
							AFY",G192997,http://ciwqs.waterboards.ca.gov/ciwqs/ewrims_online_reporting/viewReport.do?formId=247475
81,"184.54 
							AFY",G192997,http://ciwqs.waterboards.ca.gov/ciwqs/ewrims_online_reporting/viewReport.do?formId=305700
82,"217.66 
							AFY",G192997,http://ciwqs.waterboards.ca.gov/ciwqs/ewrims_online_reporting/viewReport.do?formId=352025
83,"222.32 
							AFY",G192997,http://ciwqs.waterboards.ca.gov/ciwqs/ewrims_online_reporting/viewReport.do?formId=82537
84,"5 
							AFY",G193039,http://ciwqs.waterboards.ca.gov/ciwqs/ewrims_online_reporting/viewReport.do?formId=169622
85,"40 
							AFY",G193040,http://ciwqs.waterboards.ca.gov/ciwqs/ewrims_online_reporting/viewReport.do?formId=108522
86,,G193040,http://ciwqs.waterboards.ca.gov/ciwqs/ewrims_online_reporting/viewReport.do?formId=169271
87,"13 
							AFY",G193041,http://ciwqs.waterboards.ca.gov/ciwqs/ewrims_online_reporting/viewReport.do?formId=169272
88,"0 
							GPD",G193104,http://ciwqs.waterboards.ca.gov/ciwqs/ewrims_online_reporting/viewReport.do?formId=82059
89,0,G193116,http://ciwqs.waterboards.ca.gov/ciwqs/ewrims_online_reporting/viewReport.do?formId=169446
90,,G193400,http://ciwqs.waterboards.ca.gov/ciwqs/ewrims_online_reporting/viewReport.do?formId=352481
91,"12 
							AFY",G193444,http://ciwqs.waterboards.ca.gov/ciwqs/ewrims_online_reporting/viewReport.do?formId=108918
92,"12 
							AFY",G193445,http://ciwqs.waterboards.ca.gov/ciwqs/ewrims_online_reporting/viewReport.do?formId=108919
93,,G193446,http://ciwqs.waterboards.ca.gov/ciwqs/ewrims_online_reporting/viewReport.do?formId=169467
94,"500 
							AFY",G193460,http://ciwqs.waterboards.ca.gov/ciwqs/ewrims_online_reporting/viewReport.do?formId=219971
95,"525 
							AFY",G193461,http://ciwqs.waterboards.ca.gov/ciwqs/ewrims_online_reporting/viewReport.do?formId=83370
96,"0 
							AFY",G193509,http://ciwqs.waterboards.ca.gov/ciwqs/ewrims_online_reporting/viewReport.do?formId=109233
97,"0 
							AFY",G193509,http://ciwqs.waterboards.ca.gov/ciwqs/ewrims_online_reporting/viewReport.do?formId=83362
98,"0 
							AFY",G193510,http://ciwqs.waterboards.ca.gov/ciwqs/ewrims_online_reporting/viewReport.do?formId=109248
99,"0 
							AFY",G193510,http://ciwqs.waterboards.ca.gov/ciwqs/ewrims_online_reporting/viewReport.do?formId=82032
100,"0 
							AFY",G193511,http://ciwqs.waterboards.ca.gov/ciwqs/ewrims_online_reporting/viewReport.do?formId=108111
101,"0 
							AFY",G193511,http://ciwqs.waterboards.ca.gov/ciwqs/ewrims_online_reporting/viewReport.do?formId=83218
102,"12.4450 
							CFS",G330016,http://ciwqs.waterboards.ca.gov/ciwqs/ewrims_online_reporting/viewReport.do?formId=108344
103,"6.40 
							CFS",G330016,http://ciwqs.waterboards.ca.gov/ciwqs/ewrims_online_reporting/viewReport.do?formId=124423
104,"5.20 
							CFS",G330016,http://ciwqs.waterboards.ca.gov/ciwqs/ewrims_online_reporting/viewReport.do?formId=169107
105,"2.20 
							CFS",G330016,http://ciwqs.waterboards.ca.gov/ciwqs/ewrims_online_reporting/viewReport.do?formId=220152
106,"1167.17 
							CFS",G330016,http://ciwqs.waterboards.ca.gov/ciwqs/ewrims_online_reporting/viewReport.do?formId=24364
107,"3.20 
							CFS",G330016,http://ciwqs.waterboards.ca.gov/ciwqs/ewrims_online_reporting/viewReport.do?formId=247739
108,"4.45 
							CFS",G330016,http://ciwqs.waterboards.ca.gov/ciwqs/ewrims_online_reporting/viewReport.do?formId=305730
109,"16 
							CFS",G330016,http://ciwqs.waterboards.ca.gov/ciwqs/ewrims_online_reporting/viewReport.do?formId=351893
110,"12.4450 
							CFS",G330016,http://ciwqs.waterboards.ca.gov/ciwqs/ewrims_online_reporting/viewReport.do?formId=82356
111,"0 
							CFS",G330017,http://ciwqs.waterboards.ca.gov/ciwqs/ewrims_online_reporting/viewReport.do?formId=109115
112,"11.60 
							CFS",G330017,http://ciwqs.waterboards.ca.gov/ciwqs/ewrims_online_reporting/viewReport.do?formId=125151
113,"11.40 
							CFS",G330017,http://ciwqs.waterboards.ca.gov/ciwqs/ewrims_online_reporting/viewReport.do?formId=152917
114,"11.60 
							CFS",G330017,http://ciwqs.waterboards.ca.gov/ciwqs/ewrims_online_reporting/viewReport.do?formId=152920
115,"10.60 
							CFS",G330017,http://ciwqs.waterboards.ca.gov/ciwqs/ewrims_online_reporting/viewReport.do?formId=152921
116,"4.98 
							CFS",G330017,http://ciwqs.waterboards.ca.gov/ciwqs/ewrims_online_reporting/viewReport.do?formId=152922
117,"3.50 
							CFS",G330017,http://ciwqs.waterboards.ca.gov/ciwqs/ewrims_online_reporting/viewReport.do?formId=168531
118,"13.80 
							CFS",G330017,http://ciwqs.waterboards.ca.gov/ciwqs/ewrims_online_reporting/viewReport.do?formId=219809
119,"38.05 
							CFS",G330017,http://ciwqs.waterboards.ca.gov/ciwqs/ewrims_online_reporting/viewReport.do?formId=24453
120,"0 
							CFS",G330017,http://ciwqs.waterboards.ca.gov/ciwqs/ewrims_online_reporting/viewReport.do?formId=247740
121,"0 
							CFS",G330017,http://ciwqs.waterboards.ca.gov/ciwqs/ewrims_online_reporting/viewReport.do?formId=305150
122,"16 
							CFS",G330017,http://ciwqs.waterboards.ca.gov/ciwqs/ewrims_online_reporting/viewReport.do?formId=352768
123,"8.8890 
							CFS",G330017,http://ciwqs.waterboards.ca.gov/ciwqs/ewrims_online_reporting/viewReport.do?formId=83026
124,"5 
							CFS",G330018,http://ciwqs.waterboards.ca.gov/ciwqs/ewrims_online_reporting/viewReport.do?formId=109296
125,"1.70 
							CFS",G330018,http://ciwqs.waterboards.ca.gov/ciwqs/ewrims_online_reporting/viewReport.do?formId=125324
126,"3.50 
							CFS",G330018,http://ciwqs.waterboards.ca.gov/ciwqs/ewrims_online_reporting/viewReport.do?formId=169475
127,"0.80 
							CFS",G330018,http://ciwqs.waterboards.ca.gov/ciwqs/ewrims_online_reporting/viewReport.do?formId=220333
128,"172.04 
							CFS",G330018,http://ciwqs.waterboards.ca.gov/ciwqs/ewrims_online_reporting/viewReport.do?formId=24526
129,"1.40 
							CFS",G330018,http://ciwqs.waterboards.ca.gov/ciwqs/ewrims_online_reporting/viewReport.do?formId=247741
130,"3.10 
							CFS",G330018,http://ciwqs.waterboards.ca.gov/ciwqs/ewrims_online_reporting/viewReport.do?formId=306096
131,"2.90 
							CFS",G330018,http://ciwqs.waterboards.ca.gov/ciwqs/ewrims_online_reporting/viewReport.do?formId=352570
132,"22.2220 
							CFS",G330018,http://ciwqs.waterboards.ca.gov/ciwqs/ewrims_online_reporting/viewReport.do?formId=82564
133,"500000 
							GPD",G330639,http://ciwqs.waterboards.ca.gov/ciwqs/ewrims_online_reporting/viewReport.do?formId=107982
134,"500000 
							GPD",G330639,http://ciwqs.waterboards.ca.gov/ciwqs/ewrims_online_reporting/viewReport.do?formId=124074
135,,G330639,http://ciwqs.waterboards.ca.gov/ciwqs/ewrims_online_reporting/viewReport.do?formId=169480
136,AFY,G330639,http://ciwqs.waterboards.ca.gov/ciwqs/ewrims_online_reporting/viewReport.do?formId=219975
137,"554400 
							GPD",G330639,http://ciwqs.waterboards.ca.gov/ciwqs/ewrims_online_reporting/viewReport.do?formId=24237
138,"350000 
							GPD",G330639,http://ciwqs.waterboards.ca.gov/ciwqs/ewrims_online_reporting/viewReport.do?formId=306101
139,"30 
							CFS",G330639,http://ciwqs.waterboards.ca.gov/ciwqs/ewrims_online_reporting/viewReport.do?formId=352175
140,"540000 
							GPD",G330639,http://ciwqs.waterboards.ca.gov/ciwqs/ewrims_online_reporting/viewReport.do?formId=82010
141,5.50,G331033,http://ciwqs.waterboards.ca.gov/ciwqs/ewrims_online_reporting/viewReport.do?formId=108376
142,"5.50 
							CFS",G331033,http://ciwqs.waterboards.ca.gov/ciwqs/ewrims_online_reporting/viewReport.do?formId=124450
143,"5.50 
							CFS",G331033,http://ciwqs.waterboards.ca.gov/ciwqs/ewrims_online_reporting/viewReport.do?formId=169321
144,"5.50 
							CFS",G331033,http://ciwqs.waterboards.ca.gov/ciwqs/ewrims_online_reporting/viewReport.do?formId=220365
145,"331817768.20 
							GPM",G331033,http://ciwqs.waterboards.ca.gov/ciwqs/ewrims_online_reporting/viewReport.do?formId=24368
146,"5.50 
							CFS",G331033,http://ciwqs.waterboards.ca.gov/ciwqs/ewrims_online_reporting/viewReport.do?formId=247772
147,"5.50 
							CFS",G331033,http://ciwqs.waterboards.ca.gov/ciwqs/ewrims_online_reporting/viewReport.do?formId=305940
148,"678.96 
							AFY",G331033,http://ciwqs.waterboards.ca.gov/ciwqs/ewrims_online_reporting/viewReport.do?formId=83305
149,"1.50 
							CFS",G331034,http://ciwqs.waterboards.ca.gov/ciwqs/ewrims_online_reporting/viewReport.do?formId=108790
150,"1.50 
							CFS",G331034,http://ciwqs.waterboards.ca.gov/ciwqs/ewrims_online_reporting/viewReport.do?formId=124844
151,"1.50 
							CFS",G331034,http://ciwqs.waterboards.ca.gov/ciwqs/ewrims_online_reporting/viewReport.do?formId=149468
152,"1.50 
							CFS",G331034,http://ciwqs.waterboards.ca.gov/ciwqs/ewrims_online_reporting/viewReport.do?formId=169669
153,"1.50 
							CFS",G331034,http://ciwqs.waterboards.ca.gov/ciwqs/ewrims_online_reporting/viewReport.do?formId=219677
154,"27430173.2570 
							GPD",G331034,http://ciwqs.waterboards.ca.gov/ciwqs/ewrims_online_reporting/viewReport.do?formId=24369
155,"1.50 
							CFS",G331034,http://ciwqs.waterboards.ca.gov/ciwqs/ewrims_online_reporting/viewReport.do?formId=247773
156,"1.50 
							CFS",G331034,http://ciwqs.waterboards.ca.gov/ciwqs/ewrims_online_reporting/viewReport.do?formId=306295
157,"233.21 
							AFY",G331034,http://ciwqs.waterboards.ca.gov/ciwqs/ewrims_online_reporting/viewReport.do?formId=82247
158,"2 
							CFS",G331035,http://ciwqs.waterboards.ca.gov/ciwqs/ewrims_online_reporting/viewReport.do?formId=108585
159,"2 
							CFS",G331035,http://ciwqs.waterboards.ca.gov/ciwqs/ewrims_online_reporting/viewReport.do?formId=124646
160,"2 
							CFS",G331035,http://ciwqs.waterboards.ca.gov/ciwqs/ewrims_online_reporting/viewReport.do?formId=168558
161,"2 
							CFS",G331035,http://ciwqs.waterboards.ca.gov/ciwqs/ewrims_online_reporting/viewReport.do?formId=220176
162,"2199344.40 
							GPD",G331035,http://ciwqs.waterboards.ca.gov/ciwqs/ewrims_online_reporting/viewReport.do?formId=24531
163,"2 
							CFS",G331035,http://ciwqs.waterboards.ca.gov/ciwqs/ewrims_online_reporting/viewReport.do?formId=247774
164,"2 
							CFS",G331035,http://ciwqs.waterboards.ca.gov/ciwqs/ewrims_online_reporting/viewReport.do?formId=305177
165,"21.59 
							AFY",G331035,http://ciwqs.waterboards.ca.gov/ciwqs/ewrims_online_reporting/viewReport.do?formId=83258
166,"1 
							AFY",G331769,http://ciwqs.waterboards.ca.gov/ciwqs/ewrims_online_reporting/viewReport.do?formId=124993
167,"1 
							AFY",G331769,http://ciwqs.waterboards.ca.gov/ciwqs/ewrims_online_reporting/viewReport.do?formId=169325
168,"1 
							AFY",G331769,http://ciwqs.waterboards.ca.gov/ciwqs/ewrims_online_reporting/viewReport.do?formId=220367
169,"1 
							AFY",G331769,http://ciwqs.waterboards.ca.gov/ciwqs/ewrims_online_reporting/viewReport.do?formId=247795
170,"1 
							AFY",G331769,http://ciwqs.waterboards.ca.gov/ciwqs/ewrims_online_reporting/viewReport.do?formId=305944
171,"198 
							AFY",G331789,http://ciwqs.waterboards.ca.gov/ciwqs/ewrims_online_reporting/viewReport.do?formId=124098
172,"198 
							AFY",G331789,http://ciwqs.waterboards.ca.gov/ciwqs/ewrims_online_reporting/viewReport.do?formId=168959
173,"198 
							AFY",G331789,http://ciwqs.waterboards.ca.gov/ciwqs/ewrims_online_reporting/viewReport.do?formId=83203
174,"348 
							AFY",G331790,http://ciwqs.waterboards.ca.gov/ciwqs/ewrims_online_reporting/viewReport.do?formId=125180
175,"348 
							AFY",G331790,http://ciwqs.waterboards.ca.gov/ciwqs/ewrims_online_reporting/viewReport.do?formId=168755
176,"348 
							AFY",G331790,http://ciwqs.waterboards.ca.gov/ciwqs/ewrims_online_reporting/viewReport.do?formId=81988
177,"3000 
							GPD",G332028,http://ciwqs.waterboards.ca.gov/ciwqs/ewrims_online_reporting/viewReport.do?formId=108594
178,"9.60 
							AFY",G332028,http://ciwqs.waterboards.ca.gov/ciwqs/ewrims_online_reporting/viewReport.do?formId=124655
179,"9.60 
							AFY",G332028,http://ciwqs.waterboards.ca.gov/ciwqs/ewrims_online_reporting/viewReport.do?formId=180895
180,"3000 
							GPD",G332028,http://ciwqs.waterboards.ca.gov/ciwqs/ewrims_online_reporting/viewReport.do?formId=219689
181,"3000 
							GPD",G332028,http://ciwqs.waterboards.ca.gov/ciwqs/ewrims_online_reporting/viewReport.do?formId=247827
182,"3000 
							GPD",G332028,http://ciwqs.waterboards.ca.gov/ciwqs/ewrims_online_reporting/viewReport.do?formId=306299
183,"3000 
							GPD",G332028,http://ciwqs.waterboards.ca.gov/ciwqs/ewrims_online_reporting/viewReport.do?formId=82822
184,"32.1010 
							CFS",G332164,http://ciwqs.waterboards.ca.gov/ciwqs/ewrims_online_reporting/viewReport.do?formId=25398
185,"50 
							CFS",G332165,http://ciwqs.waterboards.ca.gov/ciwqs/ewrims_online_reporting/viewReport.do?formId=25031
186,"1107.73 
							CFS",G332166,http://ciwqs.waterboards.ca.gov/ciwqs/ewrims_online_reporting/viewReport.do?formId=25408
187,"2.75 
							AFY",G332317,http://ciwqs.waterboards.ca.gov/ciwqs/ewrims_online_reporting/viewReport.do?formId=108607
188,"2.50 
							GPD",G332317,http://ciwqs.waterboards.ca.gov/ciwqs/ewrims_online_reporting/viewReport.do?formId=168969
189,"2.50 
							GPD",G332317,http://ciwqs.waterboards.ca.gov/ciwqs/ewrims_online_reporting/viewReport.do?formId=220557
190,,G332439,http://ciwqs.waterboards.ca.gov/ciwqs/ewrims_online_reporting/viewReport.do?formId=108966
191,,G332439,http://ciwqs.waterboards.ca.gov/ciwqs/ewrims_online_reporting/viewReport.do?formId=125004
192,"7200 
							GPD",G332445,http://ciwqs.waterboards.ca.gov/ciwqs/ewrims_online_reporting/viewReport.do?formId=108025
193,"7200 
							GPD",G332445,http://ciwqs.waterboards.ca.gov/ciwqs/ewrims_online_reporting/viewReport.do?formId=110420
194,"2.75 
							AFY",G332731,http://ciwqs.waterboards.ca.gov/ciwqs/ewrims_online_reporting/viewReport.do?formId=108413
195,"2.50 
							GPD",G332731,http://ciwqs.waterboards.ca.gov/ciwqs/ewrims_online_reporting/viewReport.do?formId=169529
196,"2.50 
							GPD",G332731,http://ciwqs.waterboards.ca.gov/ciwqs/ewrims_online_reporting/viewReport.do?formId=220017
197,"2.50 
							GPD",G332869,http://ciwqs.waterboards.ca.gov/ciwqs/ewrims_online_reporting/viewReport.do?formId=169355
198,"2.50 
							GPD",G332869,http://ciwqs.waterboards.ca.gov/ciwqs/ewrims_online_reporting/viewReport.do?formId=220025
199,"80.10 
							AFY",G333054,http://ciwqs.waterboards.ca.gov/ciwqs/ewrims_online_reporting/viewReport.do?formId=83413
200,,G333055,http://ciwqs.waterboards.ca.gov/ciwqs/ewrims_online_reporting/viewReport.do?formId=109253
201,"23 
							AFY",G333055,http://ciwqs.waterboards.ca.gov/ciwqs/ewrims_online_reporting/viewReport.do?formId=83458
202,"546 
							AFY",G333058,http://ciwqs.waterboards.ca.gov/ciwqs/ewrims_online_reporting/viewReport.do?formId=82727
203,"0 
							AFY",G333079,http://ciwqs.waterboards.ca.gov/ciwqs/ewrims_online_reporting/viewReport.do?formId=248640
204,"0 
							AFY",G333090,http://ciwqs.waterboards.ca.gov/ciwqs/ewrims_online_reporting/viewReport.do?formId=168889
205,"2017440 
							GPD",G333090,http://ciwqs.waterboards.ca.gov/ciwqs/ewrims_online_reporting/viewReport.do?formId=248678
206,0,G334510,http://ciwqs.waterboards.ca.gov/ciwqs/ewrims_online_reporting/viewReport.do?formId=220679
207,0,G334510,http://ciwqs.waterboards.ca.gov/ciwqs/ewrims_online_reporting/viewReport.do?formId=248741
208,"0 
							AFY",G334510,http://ciwqs.waterboards.ca.gov/ciwqs/ewrims_online_reporting/viewReport.do?formId=306245
209,"0 
							AFY",G334510,http://ciwqs.waterboards.ca.gov/ciwqs/ewrims_online_reporting/viewReport.do?formId=336222
210,"2.40 
							AFY",G334511,http://ciwqs.waterboards.ca.gov/ciwqs/ewrims_online_reporting/viewReport.do?formId=220478
211,"2.40 
							AFY",G334511,http://ciwqs.waterboards.ca.gov/ciwqs/ewrims_online_reporting/viewReport.do?formId=248742
212,"2.40 
							AFY",G334511,http://ciwqs.waterboards.ca.gov/ciwqs/ewrims_online_reporting/viewReport.do?formId=306406
213,"56.50 
							AFY",G334512,http://ciwqs.waterboards.ca.gov/ciwqs/ewrims_online_reporting/viewReport.do?formId=220080
214,56.40,G334512,http://ciwqs.waterboards.ca.gov/ciwqs/ewrims_online_reporting/viewReport.do?formId=248743
215,"56.40 
							AFY",G334512,http://ciwqs.waterboards.ca.gov/ciwqs/ewrims_online_reporting/viewReport.do?formId=305470
216,"30 
							AFY",G334513,http://ciwqs.waterboards.ca.gov/ciwqs/ewrims_online_reporting/viewReport.do?formId=220081
217,"30 
							AFY",G334513,http://ciwqs.waterboards.ca.gov/ciwqs/ewrims_online_reporting/viewReport.do?formId=232608
218,"412.80 
							AFY",G334524,http://ciwqs.waterboards.ca.gov/ciwqs/ewrims_online_reporting/viewReport.do?formId=248763
219,"600 
							AFY",G334524,http://ciwqs.waterboards.ca.gov/ciwqs/ewrims_online_reporting/viewReport.do?formId=305115
220,,G334526,http://ciwqs.waterboards.ca.gov/ciwqs/ewrims_online_reporting/viewReport.do?formId=352895
221,"1500000 
							GPD",G360214,http://ciwqs.waterboards.ca.gov/ciwqs/ewrims_online_reporting/viewReport.do?formId=180845
222,"857.8380 
							CFS",G360214,http://ciwqs.waterboards.ca.gov/ciwqs/ewrims_online_reporting/viewReport.do?formId=25238
223,"936.3050 
							AFY",G360214,http://ciwqs.waterboards.ca.gov/ciwqs/ewrims_online_reporting/viewReport.do?formId=82716
224,"4500000 
							GPD",G360215,http://ciwqs.waterboards.ca.gov/ciwqs/ewrims_online_reporting/viewReport.do?formId=180827
225,"2573.5130 
							CFS",G360215,http://ciwqs.waterboards.ca.gov/ciwqs/ewrims_online_reporting/viewReport.do?formId=25066
226,"2808.9150 
							AFY",G360215,http://ciwqs.waterboards.ca.gov/ciwqs/ewrims_online_reporting/viewReport.do?formId=82628
227,"1238.4440 
							CFS",G360543,http://ciwqs.waterboards.ca.gov/ciwqs/ewrims_online_reporting/viewReport.do?formId=25083
228,"46.1590 
							AFY",G360543,http://ciwqs.waterboards.ca.gov/ciwqs/ewrims_online_reporting/viewReport.do?formId=82948
229,,G360837,http://ciwqs.waterboards.ca.gov/ciwqs/ewrims_online_reporting/viewReport.do?formId=124497
230,"22.6650 
							CFS",G360987,http://ciwqs.waterboards.ca.gov/ciwqs/ewrims_online_reporting/viewReport.do?formId=24971
231,"24.3730 
							AFY",G360987,http://ciwqs.waterboards.ca.gov/ciwqs/ewrims_online_reporting/viewReport.do?formId=82076
232,"15.11 
							GPM",G360988,http://ciwqs.waterboards.ca.gov/ciwqs/ewrims_online_reporting/viewReport.do?formId=24828
233,"16.24 
							AFY",G360988,http://ciwqs.waterboards.ca.gov/ciwqs/ewrims_online_reporting/viewReport.do?formId=82837
234,"113.3250 
							CFS",G360989,http://ciwqs.waterboards.ca.gov/ciwqs/ewrims_online_reporting/viewReport.do?formId=25071
235,"121.8680 
							AFY",G360989,http://ciwqs.waterboards.ca.gov/ciwqs/ewrims_online_reporting/viewReport.do?formId=83348
236,"15 
							CFS",G361951,http://ciwqs.waterboards.ca.gov/ciwqs/ewrims_online_reporting/viewReport.do?formId=25334
237,"15 
							AFY",G361951,http://ciwqs.waterboards.ca.gov/ciwqs/ewrims_online_reporting/viewReport.do?formId=83316
238,,G362243,http://ciwqs.waterboards.ca.gov/ciwqs/ewrims_online_reporting/viewReport.do?formId=305808
239,"20 
							CFS",G362455,http://ciwqs.waterboards.ca.gov/ciwqs/ewrims_online_reporting/viewReport.do?formId=25121
240,"20 
							AFY",G362455,http://ciwqs.waterboards.ca.gov/ciwqs/ewrims_online_reporting/viewReport.do?formId=83351
241,,G362839,http://ciwqs.waterboards.ca.gov/ciwqs/ewrims_online_reporting/viewReport.do?formId=248187
242,"2 
							AFY",G362982,http://ciwqs.waterboards.ca.gov/ciwqs/ewrims_online_reporting/viewReport.do?formId=168946
243,"2 
							AFY",G362982,http://ciwqs.waterboards.ca.gov/ciwqs/ewrims_online_reporting/viewReport.do?formId=219822
244,"1.24 
							GPM",G362982,http://ciwqs.waterboards.ca.gov/ciwqs/ewrims_online_reporting/viewReport.do?formId=24796
245,"2 
							AFY",G362982,http://ciwqs.waterboards.ca.gov/ciwqs/ewrims_online_reporting/viewReport.do?formId=248200
246,AFY,G362982,http://ciwqs.waterboards.ca.gov/ciwqs/ewrims_online_reporting/viewReport.do?formId=305568
247,,G363361,http://ciwqs.waterboards.ca.gov/ciwqs/ewrims_online_reporting/viewReport.do?formId=353161
248,,G363386,http://ciwqs.waterboards.ca.gov/ciwqs/ewrims_online_reporting/viewReport.do?formId=82886
249,"4132303 
							GPD",G363668,http://ciwqs.waterboards.ca.gov/ciwqs/ewrims_online_reporting/viewReport.do?formId=125441
250,"1993361 
							GPD",G363668,http://ciwqs.waterboards.ca.gov/ciwqs/ewrims_online_reporting/viewReport.do?formId=169734
251,"2564755 
							GPD",G363668,http://ciwqs.waterboards.ca.gov/ciwqs/ewrims_online_reporting/viewReport.do?formId=220073
252,"2868753 
							GPD",G363668,http://ciwqs.waterboards.ca.gov/ciwqs/ewrims_online_reporting/viewReport.do?formId=248362
253,"1291066047 
							GPD",G363668,http://ciwqs.waterboards.ca.gov/ciwqs/ewrims_online_reporting/viewReport.do?formId=24999
254,"2609280 
							GPD",G363668,http://ciwqs.waterboards.ca.gov/ciwqs/ewrims_online_reporting/viewReport.do?formId=306359
255,"14245636 
							GPD",G363668,http://ciwqs.waterboards.ca.gov/ciwqs/ewrims_online_reporting/viewReport.do?formId=352949
256,"14245636 
							GPD",G363668,http://ciwqs.waterboards.ca.gov/ciwqs/ewrims_online_reporting/viewReport.do?formId=380485
257,"11622649 
							GPD",G363668,http://ciwqs.waterboards.ca.gov/ciwqs/ewrims_online_reporting/viewReport.do?formId=82958
258,"12006521 
							GPD",G363668,http://ciwqs.waterboards.ca.gov/ciwqs/ewrims_online_reporting/viewReport.do?formId=84283
259,"10 
							AFY",G363705,http://ciwqs.waterboards.ca.gov/ciwqs/ewrims_online_reporting/viewReport.do?formId=108681
260,"29899992 
							GPD",G363705,http://ciwqs.waterboards.ca.gov/ciwqs/ewrims_online_reporting/viewReport.do?formId=124740
261,"29899992 
							GPD",G363705,http://ciwqs.waterboards.ca.gov/ciwqs/ewrims_online_reporting/viewReport.do?formId=168836
262,"10 
							AFY",G363705,http://ciwqs.waterboards.ca.gov/ciwqs/ewrims_online_reporting/viewReport.do?formId=82652
263,"35040000 
							AFY",G363706,http://ciwqs.waterboards.ca.gov/ciwqs/ewrims_online_reporting/viewReport.do?formId=108490
264,"29299992 
							GPD",G363706,http://ciwqs.waterboards.ca.gov/ciwqs/ewrims_online_reporting/viewReport.do?formId=124553
265,"29299992 
							GPD",G363706,http://ciwqs.waterboards.ca.gov/ciwqs/ewrims_online_reporting/viewReport.do?formId=169034
266,"10 
							AFY",G363706,http://ciwqs.waterboards.ca.gov/ciwqs/ewrims_online_reporting/viewReport.do?formId=82481
267,,G363735,http://ciwqs.waterboards.ca.gov/ciwqs/ewrims_online_reporting/viewReport.do?formId=306364
268,,G363735,http://ciwqs.waterboards.ca.gov/ciwqs/ewrims_online_reporting/viewReport.do?formId=338807
269,"208870.94 
							GPD",G363735,http://ciwqs.waterboards.ca.gov/ciwqs/ewrims_online_reporting/viewReport.do?formId=352130
270,"0.30 
							AFY",G363754,http://ciwqs.waterboards.ca.gov/ciwqs/ewrims_online_reporting/viewReport.do?formId=109036
271,"65170285.7140 
							GPD",G560339,http://ciwqs.waterboards.ca.gov/ciwqs/ewrims_online_reporting/viewReport.do?formId=25362
272,"1.10 
							CFS",G560681,http://ciwqs.waterboards.ca.gov/ciwqs/ewrims_online_reporting/viewReport.do?formId=109427
273,"1.10 
							CFS",G560681,http://ciwqs.waterboards.ca.gov/ciwqs/ewrims_online_reporting/viewReport.do?formId=125445
274,"0.24 
							CFS",G560681,http://ciwqs.waterboards.ca.gov/ciwqs/ewrims_online_reporting/viewReport.do?formId=168846
275,"360000 
							GPD",G560681,http://ciwqs.waterboards.ca.gov/ciwqs/ewrims_online_reporting/viewReport.do?formId=219562
276,"504000 
							GPD",G560681,http://ciwqs.waterboards.ca.gov/ciwqs/ewrims_online_reporting/viewReport.do?formId=248404
277,"19225885.9890 
							GPD",G560681,http://ciwqs.waterboards.ca.gov/ciwqs/ewrims_online_reporting/viewReport.do?formId=25243
278,"1.10 
							CFS",G560681,http://ciwqs.waterboards.ca.gov/ciwqs/ewrims_online_reporting/viewReport.do?formId=305467
279,"1.10 
							CFS",G560681,http://ciwqs.waterboards.ca.gov/ciwqs/ewrims_online_reporting/viewReport.do?formId=352839
280,"720000 
							GPD",G560681,http://ciwqs.waterboards.ca.gov/ciwqs/ewrims_online_reporting/viewReport.do?formId=82216
281,"1 
							AFY",G560986,http://ciwqs.waterboards.ca.gov/ciwqs/ewrims_online_reporting/viewReport.do?formId=169376
282,"1 
							AFY",G560986,http://ciwqs.waterboards.ca.gov/ciwqs/ewrims_online_reporting/viewReport.do?formId=180751
283,"1 
							AFY",G560986,http://ciwqs.waterboards.ca.gov/ciwqs/ewrims_online_reporting/viewReport.do?formId=180766
284,"1 
							AFY",G560986,http://ciwqs.waterboards.ca.gov/ciwqs/ewrims_online_reporting/viewReport.do?formId=180767
285,"1 
							AFY",G560986,http://ciwqs.waterboards.ca.gov/ciwqs/ewrims_online_reporting/viewReport.do?formId=180768
286,"1150 
							AFY",G560989,http://ciwqs.waterboards.ca.gov/ciwqs/ewrims_online_reporting/viewReport.do?formId=108838
287,"1000 
							AFY",G560989,http://ciwqs.waterboards.ca.gov/ciwqs/ewrims_online_reporting/viewReport.do?formId=124889
288,"1000 
							AFY",G560989,http://ciwqs.waterboards.ca.gov/ciwqs/ewrims_online_reporting/viewReport.do?formId=169199
289,"1000 
							AFY",G560989,http://ciwqs.waterboards.ca.gov/ciwqs/ewrims_online_reporting/viewReport.do?formId=180755
290,"1150 
							AFY",G560989,http://ciwqs.waterboards.ca.gov/ciwqs/ewrims_online_reporting/viewReport.do?formId=180758
291,"1250 
							AFY",G560989,http://ciwqs.waterboards.ca.gov/ciwqs/ewrims_online_reporting/viewReport.do?formId=180761
292,"1000 
							AFY",G560989,http://ciwqs.waterboards.ca.gov/ciwqs/ewrims_online_reporting/viewReport.do?formId=219541
293,"250 
							AFY",G560989,http://ciwqs.waterboards.ca.gov/ciwqs/ewrims_online_reporting/viewReport.do?formId=248424
294,"1200 
							CFS",G560989,http://ciwqs.waterboards.ca.gov/ciwqs/ewrims_online_reporting/viewReport.do?formId=25107
295,"326 
							AFY",G560989,http://ciwqs.waterboards.ca.gov/ciwqs/ewrims_online_reporting/viewReport.do?formId=305819
296,"424 
							AFY",G560989,http://ciwqs.waterboards.ca.gov/ciwqs/ewrims_online_reporting/viewReport.do?formId=352762
297,"1250 
							AFY",G560989,http://ciwqs.waterboards.ca.gov/ciwqs/ewrims_online_reporting/viewReport.do?formId=83059
298,"1725 
							AFY",G561005,http://ciwqs.waterboards.ca.gov/ciwqs/ewrims_online_reporting/viewReport.do?formId=109187
299,"1725 
							AFY",G561005,http://ciwqs.waterboards.ca.gov/ciwqs/ewrims_online_reporting/viewReport.do?formId=125217
300,"1710 
							AFY",G561005,http://ciwqs.waterboards.ca.gov/ciwqs/ewrims_online_reporting/viewReport.do?formId=169012
301,"1720 
							AFY",G561005,http://ciwqs.waterboards.ca.gov/ciwqs/ewrims_online_reporting/viewReport.do?formId=220417
302,"1725 
							AFY",G561005,http://ciwqs.waterboards.ca.gov/ciwqs/ewrims_online_reporting/viewReport.do?formId=248428
303,"1630 
							AFY",G561005,http://ciwqs.waterboards.ca.gov/ciwqs/ewrims_online_reporting/viewReport.do?formId=25089
304,"1730 
							AFY",G561005,http://ciwqs.waterboards.ca.gov/ciwqs/ewrims_online_reporting/viewReport.do?formId=305634
305,"1630 
							AFY",G561005,http://ciwqs.waterboards.ca.gov/ciwqs/ewrims_online_reporting/viewReport.do?formId=82453
306,AFY,G561025,http://ciwqs.waterboards.ca.gov/ciwqs/ewrims_online_reporting/viewReport.do?formId=125414
307,AFY,G561025,http://ciwqs.waterboards.ca.gov/ciwqs/ewrims_online_reporting/viewReport.do?formId=169712
308,AFY,G561025,http://ciwqs.waterboards.ca.gov/ciwqs/ewrims_online_reporting/viewReport.do?formId=179140
309,"17.2540 
							AFY",G561039,http://ciwqs.waterboards.ca.gov/ciwqs/ewrims_online_reporting/viewReport.do?formId=125415
310,"50506971.4290 
							GPD",G561039,http://ciwqs.waterboards.ca.gov/ciwqs/ewrims_online_reporting/viewReport.do?formId=25397
311,,G561139,http://ciwqs.waterboards.ca.gov/ciwqs/ewrims_online_reporting/viewReport.do?formId=169713
312,,G561172,http://ciwqs.waterboards.ca.gov/ciwqs/ewrims_online_reporting/viewReport.do?formId=109190
313,"1725 
							AFY",G561238,http://ciwqs.waterboards.ca.gov/ciwqs/ewrims_online_reporting/viewReport.do?formId=108242
314,"1730 
							AFY",G561238,http://ciwqs.waterboards.ca.gov/ciwqs/ewrims_online_reporting/viewReport.do?formId=124324
315,"1720 
							AFY",G561238,http://ciwqs.waterboards.ca.gov/ciwqs/ewrims_online_reporting/viewReport.do?formId=169201
316,"1725 
							AFY",G561238,http://ciwqs.waterboards.ca.gov/ciwqs/ewrims_online_reporting/viewReport.do?formId=219543
317,"1715 
							AFY",G561238,http://ciwqs.waterboards.ca.gov/ciwqs/ewrims_online_reporting/viewReport.do?formId=248437
318,"1695 
							AFY",G561238,http://ciwqs.waterboards.ca.gov/ciwqs/ewrims_online_reporting/viewReport.do?formId=25012
319,"1715 
							AFY",G561238,http://ciwqs.waterboards.ca.gov/ciwqs/ewrims_online_reporting/viewReport.do?formId=305821
320,"1700 
							AFY",G561238,http://ciwqs.waterboards.ca.gov/ciwqs/ewrims_online_reporting/viewReport.do?formId=82079
321,"2016000 
							GPD",G561269,http://ciwqs.waterboards.ca.gov/ciwqs/ewrims_online_reporting/viewReport.do?formId=125416
322,"18000 
							GPD",G561314,http://ciwqs.waterboards.ca.gov/ciwqs/ewrims_online_reporting/viewReport.do?formId=108652
323,"10000 
							GPD",G561314,http://ciwqs.waterboards.ca.gov/ciwqs/ewrims_online_reporting/viewReport.do?formId=124714
324,"10000 
							GPD",G561314,http://ciwqs.waterboards.ca.gov/ciwqs/ewrims_online_reporting/viewReport.do?formId=169015
325,"10000 
							GPD",G561314,http://ciwqs.waterboards.ca.gov/ciwqs/ewrims_online_reporting/viewReport.do?formId=220056
326,,G561314,http://ciwqs.waterboards.ca.gov/ciwqs/ewrims_online_reporting/viewReport.do?formId=248442
327,"52 
							AFY",G561314,http://ciwqs.waterboards.ca.gov/ciwqs/ewrims_online_reporting/viewReport.do?formId=24989
328,,G561314,http://ciwqs.waterboards.ca.gov/ciwqs/ewrims_online_reporting/viewReport.do?formId=352749
329,"18000 
							GPD",G561314,http://ciwqs.waterboards.ca.gov/ciwqs/ewrims_online_reporting/viewReport.do?formId=81976
330,"112000 
							GPD",G561741,http://ciwqs.waterboards.ca.gov/ciwqs/ewrims_online_reporting/viewReport.do?formId=125222
331,"112000 
							GPD",G561741,http://ciwqs.waterboards.ca.gov/ciwqs/ewrims_online_reporting/viewReport.do?formId=169715
332,,G561741,http://ciwqs.waterboards.ca.gov/ciwqs/ewrims_online_reporting/viewReport.do?formId=352554
333,"200 
							AFY",G561771,http://ciwqs.waterboards.ca.gov/ciwqs/ewrims_online_reporting/viewReport.do?formId=108068
334,"6500 
							AFY",G561771,http://ciwqs.waterboards.ca.gov/ciwqs/ewrims_online_reporting/viewReport.do?formId=111362
335,"6500 
							AFY",G561771,http://ciwqs.waterboards.ca.gov/ciwqs/ewrims_online_reporting/viewReport.do?formId=82552
336,"151 
							AFY",G561856,http://ciwqs.waterboards.ca.gov/ciwqs/ewrims_online_reporting/viewReport.do?formId=337182
